id,priority,phase,area,labels,project_progress,title,description,acceptance_criteria,test_mcp,test_plan,test_steps,test_dependencies,test_evidence,test_risk,review_initial_requirements,review_regression_requirements,dev_state,review_initial_state,review_regression_state,git_state,owner,refs,notes
"AG-010","P1","0","both","等待确认","未开始","统一事实基线与历史口径边界","将 current-state-audit 固化为当前事实真源，并建立历史文档的适用范围与更新清单，避免后续架构结论再次漂移。","1) roadmap、issue 与核心架构文档明确引用 current-state-audit 作为现状真源; 2) 历史验收文档保留日期与适用范围，不再被当作当前状态; 3) 对 docs/architecture 完成一次失效引用与旧口径扫描并形成检查清单; 4) 新增架构改动同步更新 audit 与 quick-reference 的约定。","AUTOSERVER","文档一致性检查 + 路径存在性扫描 + 人工审阅。","运行 rg 扫描旧口径与失效路径; 逐项核对 architecture 文档; 输出同步清单并链接到 roadmap。","需可读取 docs/architecture 与历史验收文档。","扫描结果、更新后的文档链接、review 记录。","low","确认事实基线不与当前代码现实冲突; 不删除历史证据，只做边界澄清。","完成后复扫 docs/architecture，确认无未解释的当前状态引用与失效路径。","未开始","未开始","未开始","未提交","","docs/architecture/current-state-audit.md:13;docs/architecture/current-state-audit.md:140;docs/architecture/risks-and-recommendations.md:59",""
"QG-010","P0","0","both","等待确认","未开始","版本化质量门禁入口","将当前本地可执行的测试与 strict concurrency 检查升级为仓库内可引用、可复现、可 review 的质量门禁入口，不预设具体 CI 平台。","1) 仓库内存在版本化质量门禁入口（脚本、文档或 provider adapter）; 2) 明确执行 swift test 与 bash Tests/run-concurrency-check.sh; 3) 明确失败分类为构建失败、测试失败、并发告警、环境失败; 4) 本地复现路径与日志位置被文档化。","AUTOSERVER","脚本验证 + 文档映射 + 一次完整本地复跑。","实现统一入口; 运行入口命令; 校对失败输出分类; 在文档中记录使用方式。","需要现有测试脚本、构建环境与仓库可写路径。","入口脚本/文档、运行日志、失败样例。","medium","避免把 CI 平台选择和门禁入口设计耦死; 平台未定时保持 provider-neutral。","复跑统一入口，确认其能稳定覆盖测试与并发检查，并且输出可区分。","未开始","未开始","未开始","未提交","","docs/architecture/current-state-audit.md:116;docs/architecture/risks-and-recommendations.md:121;Tests/run-concurrency-check.sh:1","ci_provider_tbd"
"APP-010","P1","1","backend","等待确认","未开始","启动级联与服务生命周期协议","围绕 AppDelegate 与 RecordingController 建立显式的生命周期协议或等效约定，减少启动级联与终止清理的隐式行为。","1) 顶层服务拥有统一 start/stop 或等效生命周期约束; 2) AppDelegate 启动与终止阶段改用显式清单管理关键服务; 3) 至少覆盖热键、录音、工具栏、资源监控、调试触发等顶层服务; 4) 文档中补充服务生命周期边界。","AUTOSERVER","静态代码审阅 + 生命周期回归 + 手动启动/退出验证。","识别顶层服务; 定义协议或清单; 修改启动/终止路径; 运行构建与测试; 手动验证应用启动和退出。","需要可访问 AppDelegate、RecordingController 及相关服务。","代码 diff、启动/退出日志、构建与测试结果。","medium","不要在同一 issue 中顺手做全面去单例化; 先收敛生命周期边界。","完成后复核所有顶层服务是否有清晰的启动/终止归属，且主链路无回归。","未开始","未开始","未开始","未提交","","docs/architecture/current-state-audit.md:88;docs/architecture/app-layer-risk-assessment.md:24;App/AppDelegate.swift:43;Services/RecordingController.swift:24",""
"APP-020","P1","1","backend","等待确认","未开始","回调注册与清理治理","审计音频、热键、通知与异步回调注册点，建立显式清理策略，避免 observer、callback、timer 和 task 残留。","1) 关键 callback / observer 注册点都能追溯所有者与清理时机; 2) RecordingController 音频回调、AppDelegate 通知观察者等高风险点具备显式释放路径; 3) 对重复 start/stop 或窗口关闭场景有回归验证; 4) 清理策略被写入文档或代码注释。","AUTOSERVER","目标链路审计 + 单测/脚本回归 + 手动重复启停验证。","枚举高风险注册点; 增加 cleanup; 反复执行启动、关闭、切换与面板显示隐藏; 观察是否仍有重复触发。","需要可运行录音/面板/工具栏相关路径。","审计清单、日志、回归测试结果。","medium","优先处理已知高风险注册点，避免试图在一轮内清理所有回调。","完成后针对重复启停、关闭窗口、退出应用至少做一轮回归。","未开始","未开始","未开始","未提交","","docs/architecture/app-layer-risk-assessment.md:53;Services/RecordingController.swift:46;App/AppDelegate.swift:145;App/AppDelegate.swift:208",""
"ARCH-010","P1","2.1","both","等待确认","未开始","截图域 façade 试点","在截图域引入单一 façade 协作者，收敛 ActionBarView 与 ScreenshotContentView+Actions 对 ScreenshotManager、QuickAskService、ImageEnhancementService 的直接耦合。","1) ActionBarView 与 ScreenshotContentView+Actions 的高频动作改经 façade 调用; 2) 复制、Quick Ask、关闭、Pin/Lock/Mark 等主路径行为保持等价; 3) 目标文件不再继续增加新的 shared 直连; 4) 为 façade 提供最小可测接口。","AUTOFRONTEND","界面动作回归 + façade 单元验证 + 手动交互检查。","抽取 façade; 替换目标文件调用; 运行现有测试; 手动验证截图窗口操作按钮与右键菜单。","需要截图窗口可运行，且能触发复制、Quick Ask、关闭等动作。","目标文件 diff、行为回归记录、必要截图。","medium","保持试点范围只覆盖截图域高频动作，不扩散到整个 Screenshot 模块。","复测 ActionBarView 与 ScreenshotContentView+Actions 的核心按钮/菜单路径，确认无行为偏差。","未开始","未开始","未开始","未提交","","docs/architecture/risks-and-recommendations.md:87;UI/Screenshot/ActionBarView.swift:70;UI/Screenshot/ScreenshotContentView+Actions.swift:7","pilot_scope=ActionBarView+ScreenshotContentView+Actions"
"ARCH-020","P1","2.2","frontend","等待确认","未开始","MessagePanel 注入试点","在 MessagePanelView 及其最小相关面上试点 ServiceContainer 或等效注入边界，降低 shared 直连与预览耦合。","1) MessagePanelView 至少对一组高频服务改用可注入访问; 2) 目标视图可通过 mock container 或等效替身进行 Preview/测试; 3) 不改变现有 Pipeline 卡片流与历史展示行为; 4) 文档记录该试点的收益与限制。","AUTOFRONTEND","Preview 可替换性检查 + 目标视图回归 + 轻量测试替身验证。","识别最小可替换服务; 引入注入边界; 保持现有 UI 行为; 验证历史加载、关闭面板、词典 sheet 等路径。","需要 ServiceContainer、MessagePanelView 与相关状态可编译运行。","目标视图 diff、preview 截图或说明、测试替身代码。","medium","不要试图一次替换 MessagePanel 全部 shared 依赖，优先选择高频且边界清晰的访问点。","完成后检查 MessagePanelView 是否仍保持行为等价，且可在不触发真实服务的情况下预览。","未开始","未开始","未开始","未提交","","docs/architecture/risks-and-recommendations.md:149;UI/MessagePanel/MessagePanelView.swift:110;Services/ServiceContainer.swift:105",""
"ARCH-030","P1","2.3","frontend","等待确认","未开始","QuickAskCapsule 注入试点","在 QuickAskCapsuleView 上试点可注入的附件处理、Workflow 协作与设置打开路径，收敛输入面高频 shared 直连。","1) QuickAskCapsuleView 的至少一组高频协作者改为可注入访问; 2) 附件拖拽、Workflow 选择、打开设置等关键交互保持可用; 3) 目标视图具备 mock 或 preview 替身能力; 4) 不影响 Quick Ask 发送主路径。","AUTOFRONTEND","输入面交互回归 + 注入边界验证 + Preview 级检查。","抽取可注入协作者; 替换目标调用; 验证附件拖拽、workflow 选择、发送、取消、打开设置。","需要 QuickAskState、WorkflowState、AttachmentManager 相关路径可运行。","目标视图 diff、交互记录、必要截图。","medium","控制切口，先替换最耦合的输入协作者，不在本 issue 中扩散到全部 HUD 组件。","完成后对录音中、发送中、workflow picker 三种状态各复测一轮。","未开始","未开始","未开始","未提交","","docs/architecture/risks-and-recommendations.md:149;UI/HUD/QuickAskCapsuleView.swift:9;Services/ServiceContainer.swift:105",""
"GOV-010","P1","3","both","等待确认","未开始","依赖通道决策矩阵与 shared freeze","建立 direct call、NotificationCenter、ServiceContainer 的使用决策矩阵，并为 UI 层新增 shared 直连提供 diff-scope 治理规则。","1) 文档中存在依赖通道决策矩阵; 2) review 规则能明确判断新增调用应走哪条通道; 3) 对 UI 新增 .shared 依赖提供至少 warn 级检查或 review 清单; 4) quick-reference 或相关文档可反查该规则。","AUTOSERVER","规则文档审查 + diff-scope 检查脚本或 review checklist 验证。","整理现有依赖通道; 写出决策矩阵; 实现 warn 级检查或 review 清单; 以示例 PR/diff 进行一次演练。","需要可读取当前依赖分布与目标文档。","决策矩阵、检查脚本或 checklist、演练记录。","medium","规则必须可执行，不要写成无法落地的抽象原则。","完成后用一个包含 UI 调用变更的 diff 演练，确认规则能给出明确判断。","未开始","未开始","未开始","未提交","","docs/architecture/current-state-audit.md:104;docs/architecture/risks-and-recommendations.md:105;docs/architecture/quick-reference.md:161",""
"TEST-010","P1","3.1","both","等待确认","未开始","架构回归与 Conditional Go 复核","在前序治理 issue 完成后，统一复跑质量门禁、试点回归与文档一致性检查，并基于结果重新评估 Conditional Go。","1) 复跑 swift test 与 strict concurrency 检查保持绿色; 2) 试点文件无新增未解释 shared 直连; 3) roadmap、issues、architecture 文档口径一致; 4) 输出一份复核结论，明确保持 Conditional Go 或推进条件。","AUTOE2E","仓库级回归 + 文档一致性检查 + 治理结果复核。","执行统一门禁入口; 复核试点 issue 的验收证据; 扫描文档口径; 输出复核记录。","依赖 AG-010、QG-010、APP-010、APP-020、ARCH-010、ARCH-020、ARCH-030、GOV-010 完成或形成可复核状态。","测试日志、扫描结果、复核结论文档。","medium","不要在复核阶段再引入新架构改动，保持只验证与总结。","完成后复核是否满足 roadmap 中的解冻条件，并同步更新相关文档。","未开始","未开始","未开始","未提交","","docs/architecture/current-state-audit.md:116;docs/architecture/risks-and-recommendations.md:184;Tests/run-concurrency-check.sh:13;docs/roadmap/r2-3-option-d-xcuitest-plan.md:65","depends_on=all_previous"
